Priority Level,Number of Leads,Percentage of Total,Avg Lead Score,Avg Engagement,Conversion Rate (%),Converted Leads,Demo Requested (%),C-Level Contacts (%)
HIGH,200,20.0,58.559799999999996,60.255,13.5,27,28.000000000000004,13.0
MEDIUM,300,30.0,38.013466666666666,56.513333333333335,7.333333333333333,22,20.0,11.0
LOW,500,50.0,19.8902,40.43,2.0,10,23.200000000000003,7.6
