stage,stage_number,total_leads,converted_leads,conversion_rate,avg_lead_score,high_priority,medium_priority,low_priority,avg_engagement,drop_off_rate
New,1,399,28,7.017543859649122,32.77877192982456,79,115,205,49.8671679197995,0.0
Contacted,2,246,13,5.284552845528456,33.82247967479675,51,80,115,47.483739837398375,38.34586466165413
Qualified,3,211,10,4.739336492890995,33.03,42,60,109,51.208530805687204,14.227642276422763
Proposal,4,93,3,3.225806451612903,31.331182795698926,15,29,49,46.634408602150536,55.92417061611374
Negotiation,5,51,5,9.803921568627452,34.88058823529412,13,16,22,49.01960784313726,45.16129032258064
