stage,stage_number,total_leads,converted_leads,conversion_rate,avg_lead_score,high_priority,medium_priority,low_priority,avg_engagement,drop_off_rate
New,1,47,0,0.0,37.55659574468085,0,0,47,31.914893617021278,0.0
Engaged,2,11,0,0.0,52.01909090909091,0,0,11,56.90909090909091,76.59574468085107
Qualified,3,93,0,0.0,56.635376344086026,0,19,74,77.60215053763442,-745.4545454545454
Demo/Trial,4,31,0,0.0,62.874516129032244,5,11,15,77.93548387096774,66.66666666666666
Converted,5,818,818,100.0,69.47348410757947,195,271,352,81.67114914425427,-2538.7096774193546
