Industry,Total Leads,High Priority,Avg Lead Score,Conversion Rate (%),Avg Engagement,Converted Leads,Potential Value (LKR)
Manufacturing,133,32,33.95812030075188,8.270676691729323,45.225563909774436,11,550000
Healthcare,131,32,35.13770992366411,6.106870229007633,49.31297709923664,8,400000
IT/Software,130,22,32.427769230769236,3.8461538461538463,49.16923076923077,5,250000
Education,125,32,35.783759999999994,6.4,52.288,8,400000
Tourism,123,13,28.251788617886177,6.504065040650407,46.520325203252035,8,400000
Finance,122,24,33.965409836065575,4.918032786885246,50.07377049180328,6,300000
Agriculture,119,29,35.46193277310925,8.403361344537815,51.35294117647059,10,500000
Retail,117,16,29.182307692307695,2.564102564102564,50.21367521367522,3,150000
