Week,Total Leads,High Priority,Conversions,Avg Lead Score
Week 1,250,50,14,33.061099999999996
Week 2,250,50,14,33.061099999999996
Week 3,250,50,14,33.061099999999996
Week 4,250,50,14,33.061099999999996
